command,word0,word1,word2,word3,word4,word5,word6,word7,word8,word9,word10,word11,word12,word13,word14,word15,word16,word17,word18,word19,word20,word21,word22,word23,word24,word25,word26,word27,word28,word29
juggle the different kinds of fruit in the vicinity .,juggle,the,different,kinds,of,fruit,in,the,vicinity,.,,,,,,,,,,,,,,,,,,,,
paint the kitchen walls white .,paint,the,kitchen,walls,white,.,,,,,,,,,,,,,,,,,,,,,,,,
do mechanical turk for me on the computer !,do,mechanical,turk,for,me,on,the,computer,!,,,,,,,,,,,,,,,,,,,,,
hand me that axe .,hand,me,that,axe,.,,,,,,,,,,,,,,,,,,,,,,,,,
go over to that tree .,go,over,to,that,tree,.,,,,,,,,,,,,,,,,,,,,,,,,
help me with this puzzle .,help,me,with,this,puzzle,.,,,,,,,,,,,,,,,,,,,,,,,,
find the location of the next treasure box .,find,the,location,of,the,next,treasure,box,.,,,,,,,,,,,,,,,,,,,,,
tell me how i look in my gear .,tell,me,how,i,look,in,my,gear,.,,,,,,,,,,,,,,,,,,,,,
stand guard at the gate .,stand,guard,at,the,gate,.,,,,,,,,,,,,,,,,,,,,,,,,
mark this spot on my map as a reminder .,mark,this,spot,on,my,map,as,a,reminder,.,,,,,,,,,,,,,,,,,,,,
play hype music .,play,hype,music,.,,,,,,,,,,,,,,,,,,,,,,,,,,
find more of these roses .,find,more,of,these,roses,.,,,,,,,,,,,,,,,,,,,,,,,,
drive straight towards the town center for one mile .,drive,straight,towards,the,town,center,for,one,mile,.,,,,,,,,,,,,,,,,,,,,
turn left towards the dairy queen on the corner .,turn,left,towards,the,dairy,queen,on,the,corner,.,,,,,,,,,,,,,,,,,,,,
drive straight tell you reach the destination on the left .,drive,straight,tell,you,reach,the,destination,on,the,left,.,,,,,,,,,,,,,,,,,,,
can you chop down that tree for me ?,can,you,chop,down,that,tree,for,me,?,,,,,,,,,,,,,,,,,,,,,
can you go find a sheep for me and shear it ?,can,you,go,find,a,sheep,for,me,and,shear,it,?,,,,,,,,,,,,,,,,,,
i need you to find a cow and bring it back to me .,i,need,you,to,find,a,cow,and,bring,it,back,to,me,.,,,,,,,,,,,,,,,,
set an alarm for tomorrow at 2 p.m.,set,an,alarm,for,tomorrow,at,2,p.m.,,,,,,,,,,,,,,,,,,,,,,
preheat the oven to 350 degrees,preheat,the,oven,to,350,degrees,,,,,,,,,,,,,,,,,,,,,,,,
turn the thermostat down by three degrees,turn,the,thermostat,down,by,three,degrees,,,,,,,,,,,,,,,,,,,,,,,
make the baby a bottle .,make,the,baby,a,bottle,.,,,,,,,,,,,,,,,,,,,,,,,,
clean my kitchen .,clean,my,kitchen,.,,,,,,,,,,,,,,,,,,,,,,,,,,
drive my daughter to school .,drive,my,daughter,to,school,.,,,,,,,,,,,,,,,,,,,,,,,,
light the fire quickly,light,the,fire,quickly,,,,,,,,,,,,,,,,,,,,,,,,,,
drain the swamp by pulling the plug,drain,the,swamp,by,pulling,the,plug,,,,,,,,,,,,,,,,,,,,,,,
play the guitar using the stick as a pick,play,the,guitar,using,the,stick,as,a,pick,,,,,,,,,,,,,,,,,,,,,
please locate the nearest building,please,locate,the,nearest,building,,,,,,,,,,,,,,,,,,,,,,,,,
aid me in constructing this fence,aid,me,in,constructing,this,fence,,,,,,,,,,,,,,,,,,,,,,,,
move this tree to the left of the green house,move,this,tree,to,the,left,of,the,green,house,,,,,,,,,,,,,,,,,,,,
where is the closest pizza place ?,where,is,the,closest,pizza,place,?,,,,,,,,,,,,,,,,,,,,,,,
go get me 3 pieces of cheese and some bread,go,get,me,3,pieces,of,cheese,and,some,bread,,,,,,,,,,,,,,,,,,,,
what is the weather forecast for tomorrow ?,what,is,the,weather,forecast,for,tomorrow,?,,,,,,,,,,,,,,,,,,,,,,
look for hidden mines underground using your x - ray vision .,look,for,hidden,mines,underground,using,your,x,-,ray,vision,.,,,,,,,,,,,,,,,,,,
help me move the downed trees to clear the roadway,help,me,move,the,downed,trees,to,clear,the,roadway,,,,,,,,,,,,,,,,,,,,
i need you to count all the people on the other side of the fence .,i,need,you,to,count,all,the,people,on,the,other,side,of,the,fence,.,,,,,,,,,,,,,,
go find a healing potion for me,go,find,a,healing,potion,for,me,,,,,,,,,,,,,,,,,,,,,,,
remember that there was a monster behind the green tree,remember,that,there,was,a,monster,behind,the,green,tree,,,,,,,,,,,,,,,,,,,,
shield me when my health gets low,shield,me,when,my,health,gets,low,,,,,,,,,,,,,,,,,,,,,,,
what is thime capital of michigan,what,is,thime,capital,of,michigan,,,,,,,,,,,,,,,,,,,,,,,,
go get my green ball,go,get,my,green,ball,,,,,,,,,,,,,,,,,,,,,,,,,
what is the weather tomorrow,what,is,the,weather,tomorrow,,,,,,,,,,,,,,,,,,,,,,,,,
is there anyone else living nearby ?,is,there,anyone,else,living,nearby,?,,,,,,,,,,,,,,,,,,,,,,,
find out how deep the stream is and if we can cross it by foot .,find,out,how,deep,the,stream,is,and,if,we,can,cross,it,by,foot,.,,,,,,,,,,,,,,
stay awake and keep me protected while i sleep .,stay,awake,and,keep,me,protected,while,i,sleep,.,,,,,,,,,,,,,,,,,,,,
remember where i hid the purple diamonds .,remember,where,i,hid,the,purple,diamonds,.,,,,,,,,,,,,,,,,,,,,,,
use the magic feather to change that horse to a unicorn .,use,the,magic,feather,to,change,that,horse,to,a,unicorn,.,,,,,,,,,,,,,,,,,,
make the sounds of a wolf howling for 10 seconds .,make,the,sounds,of,a,wolf,howling,for,10,seconds,.,,,,,,,,,,,,,,,,,,,
can you tell me the weather ?,can,you,tell,me,the,weather,?,,,,,,,,,,,,,,,,,,,,,,,
what direction are we heading ?,what,direction,are,we,heading,?,,,,,,,,,,,,,,,,,,,,,,,,
retrieve the shovel from the garage .,retrieve,the,shovel,from,the,garage,.,,,,,,,,,,,,,,,,,,,,,,,
can you retrieve the sword from the knight ?,can,you,retrieve,the,sword,from,the,knight,?,,,,,,,,,,,,,,,,,,,,,
go to the blue house and bring me back a cloak .,go,to,the,blue,house,and,bring,me,back,a,cloak,.,,,,,,,,,,,,,,,,,,
exchange these coins for pelts .,exchange,these,coins,for,pelts,.,,,,,,,,,,,,,,,,,,,,,,,,
go to the shop and buy some blue elixir .,go,to,the,shop,and,buy,some,blue,elixir,.,,,,,,,,,,,,,,,,,,,,
collect four scallops from the shore .,collect,four,scallops,from,the,shore,.,,,,,,,,,,,,,,,,,,,,,,,
remember the password to get into the rainbow castle .,remember,the,password,to,get,into,the,rainbow,castle,.,,,,,,,,,,,,,,,,,,,,
lead the horses to the forest,lead,the,horses,to,the,forest,,,,,,,,,,,,,,,,,,,,,,,,
get some water from the river,get,some,water,from,the,river,,,,,,,,,,,,,,,,,,,,,,,,
bring me three stones from the field,bring,me,three,stones,from,the,field,,,,,,,,,,,,,,,,,,,,,,,
take me to the market,take,me,to,the,market,,,,,,,,,,,,,,,,,,,,,,,,,
change the weather to heavy rain,change,the,weather,to,heavy,rain,,,,,,,,,,,,,,,,,,,,,,,,
add item arrows to my inventory,add,item,arrows,to,my,inventory,,,,,,,,,,,,,,,,,,,,,,,,
go get my dogs leash,go,get,my,dogs,leash,,,,,,,,,,,,,,,,,,,,,,,,,
what shape is the container to your left,what,shape,is,the,container,to,your,left,,,,,,,,,,,,,,,,,,,,,,
what position is the sun ?,what,position,is,the,sun,?,,,,,,,,,,,,,,,,,,,,,,,,
sweep and mop the floors .,sweep,and,mop,the,floors,.,,,,,,,,,,,,,,,,,,,,,,,,
write me a rp scenario,write,me,a,rp,scenario,,,,,,,,,,,,,,,,,,,,,,,,,
read me the book fifty shades of grey .,read,me,the,book,fifty,shades,of,grey,.,,,,,,,,,,,,,,,,,,,,,
help me construct this castle .,help,me,construct,this,castle,.,,,,,,,,,,,,,,,,,,,,,,,,
pick up my friend from the spaceport .,pick,up,my,friend,from,the,spaceport,.,,,,,,,,,,,,,,,,,,,,,,
search for undiscovered locations .,search,for,undiscovered,locations,.,,,,,,,,,,,,,,,,,,,,,,,,,
go scout the area for anything of interest .,go,scout,the,area,for,anything,of,interest,.,,,,,,,,,,,,,,,,,,,,,
pick some of this stuff up and follow me .,pick,some,of,this,stuff,up,and,follow,me,.,,,,,,,,,,,,,,,,,,,,
deliver this basket of goodies through the woods to grandma 's house .,deliver,this,basket,of,goodies,through,the,woods,to,grandma,'s,house,.,,,,,,,,,,,,,,,,,
go around and find other players and ask them to donate me money,go,around,and,find,other,players,and,ask,them,to,donate,me,money,,,,,,,,,,,,,,,,,
go find another player who is trying to accomplish a task and offer to help in exchange for money,go,find,another,player,who,is,trying,to,accomplish,a,task,and,offer,to,help,in,exchange,for,money,,,,,,,,,,,
sweep this area grid by grid looking for any money anyone may have dropped,sweep,this,area,grid,by,grid,looking,for,any,money,anyone,may,have,dropped,,,,,,,,,,,,,,,,
bring me some water,bring,me,some,water,,,,,,,,,,,,,,,,,,,,,,,,,,
where is the nearest tree ?,where,is,the,nearest,tree,?,,,,,,,,,,,,,,,,,,,,,,,,
plant a new garden,plant,a,new,garden,,,,,,,,,,,,,,,,,,,,,,,,,,
go get me a glass of chocolate milk,go,get,me,a,glass,of,chocolate,milk,,,,,,,,,,,,,,,,,,,,,,
help me fill the swimming pool with bouncy balls,help,me,fill,the,swimming,pool,with,bouncy,balls,,,,,,,,,,,,,,,,,,,,,
change the color of my car to purple,change,the,color,of,my,car,to,purple,,,,,,,,,,,,,,,,,,,,,,
carry some of my inventory .,carry,some,of,my,inventory,.,,,,,,,,,,,,,,,,,,,,,,,,
tell me if there is danger in this area,tell,me,if,there,is,danger,in,this,area,,,,,,,,,,,,,,,,,,,,,
note my location .,note,my,location,.,,,,,,,,,,,,,,,,,,,,,,,,,,
give all of the other players a bouquet of roses,give,all,of,the,other,players,a,bouquet,of,roses,,,,,,,,,,,,,,,,,,,,
make me some pancakes,make,me,some,pancakes,,,,,,,,,,,,,,,,,,,,,,,,,,
build a tower using ice cubes,build,a,tower,using,ice,cubes,,,,,,,,,,,,,,,,,,,,,,,,
turn all the snow outside my house into gold dust .,turn,all,the,snow,outside,my,house,into,gold,dust,.,,,,,,,,,,,,,,,,,,,
build me a drone big enough to fly me to florida .,build,me,a,drone,big,enough,to,fly,me,to,florida,.,,,,,,,,,,,,,,,,,,
turn the inside of my house into a palace .,turn,the,inside,of,my,house,into,a,palace,.,,,,,,,,,,,,,,,,,,,,
please come to the blue square .,please,come,to,the,blue,square,.,,,,,,,,,,,,,,,,,,,,,,,
can you add some trees in back of this building .,can,you,add,some,trees,in,back,of,this,building,.,,,,,,,,,,,,,,,,,,,
remove the structures at 52 18 30,remove,the,structures,at,52,18,30,,,,,,,,,,,,,,,,,,,,,,,
what kind of dragon is in the cave ?,what,kind,of,dragon,is,in,the,cave,?,,,,,,,,,,,,,,,,,,,,,
who is the highest ranking player in the game ?,who,is,the,highest,ranking,player,in,the,game,?,,,,,,,,,,,,,,,,,,,,
search for a potion that costs no more than $ 1 that will improve my health .,search,for,a,potion,that,costs,no,more,than,$,1,that,will,improve,my,health,.,,,,,,,,,,,,,
i want all of the containers to be made of shiny metal .,i,want,all,of,the,containers,to,be,made,of,shiny,metal,.,,,,,,,,,,,,,,,,,
only count the cars that are small  two door and green .,only,count,the,cars,that,are,small,,two,door,and,green,.,,,,,,,,,,,,,,,,,
does that bridge extend over a body of water ?,does,that,bridge,extend,over,a,body,of,water,?,,,,,,,,,,,,,,,,,,,,
please build a square  wooden building with a door .,please,build,a,square,,wooden,building,with,a,door,.,,,,,,,,,,,,,,,,,,,
dig a hole here .,dig,a,hole,here,.,,,,,,,,,,,,,,,,,,,,,,,,,
what were the coordinates of my building ?,what,were,the,coordinates,of,my,building,?,,,,,,,,,,,,,,,,,,,,,,
put some water to boil,put,some,water,to,boil,,,,,,,,,,,,,,,,,,,,,,,,,
wash the vegetables please,wash,the,vegetables,please,,,,,,,,,,,,,,,,,,,,,,,,,,
call the movie theater and ask what time do they close,call,the,movie,theater,and,ask,what,time,do,they,close,,,,,,,,,,,,,,,,,,,
give me the type of the tree across the bridge,give,me,the,type,of,the,tree,across,the,bridge,,,,,,,,,,,,,,,,,,,,
i need the location of the nearest pond,i,need,the,location,of,the,nearest,pond,,,,,,,,,,,,,,,,,,,,,,
where is the nearest overlook,where,is,the,nearest,overlook,,,,,,,,,,,,,,,,,,,,,,,,,
pick up the third rock from the left,pick,up,the,third,rock,from,the,left,,,,,,,,,,,,,,,,,,,,,,
go to the tallest tree and climb it,go,to,the,tallest,tree,and,climb,it,,,,,,,,,,,,,,,,,,,,,,
find the patch of yellow flowers,find,the,patch,of,yellow,flowers,,,,,,,,,,,,,,,,,,,,,,,,
buy two iron bars from trader,buy,two,iron,bars,from,trader,,,,,,,,,,,,,,,,,,,,,,,,
harvest grain from field,harvest,grain,from,field,,,,,,,,,,,,,,,,,,,,,,,,,,
how many servants do i have ?,how,many,servants,do,i,have,?,,,,,,,,,,,,,,,,,,,,,,,
book me a flight to miami,book,me,a,flight,to,miami,,,,,,,,,,,,,,,,,,,,,,,,
remember i like latte cofee,remember,i,like,latte,cofee,,,,,,,,,,,,,,,,,,,,,,,,,
order two pizzas for me,order,two,pizzas,for,me,,,,,,,,,,,,,,,,,,,,,,,,,
catch me an animal companion,catch,me,an,animal,companion,,,,,,,,,,,,,,,,,,,,,,,,,
start building an enclosure for my animals,start,building,an,enclosure,for,my,animals,,,,,,,,,,,,,,,,,,,,,,,
gather more resources for my house,gather,more,resources,for,my,house,,,,,,,,,,,,,,,,,,,,,,,,
move the car closer to the freeway,move,the,car,closer,to,the,freeway,,,,,,,,,,,,,,,,,,,,,,,
jump over the hedges,jump,over,the,hedges,,,,,,,,,,,,,,,,,,,,,,,,,,
rock the baby to sleep,rock,the,baby,to,sleep,,,,,,,,,,,,,,,,,,,,,,,,,
hey robot  help me lay the foundation for our house ! let 's get some of those magic stones ; that way our house can fly !,hey,robot,,help,me,lay,the,foundation,for,our,house,!,let,'s,get,some,of,those,magic,stones,;,that,way,our,house,can,fly,!,,
yo robot  what kind of eggs should we have for breakfast today  red  green or purple ?,yo,robot,,what,kind,of,eggs,should,we,have,for,breakfast,today,,red,,green,or,purple,?,,,,,,,,,,
bot boy  let 's go swimming in some lava ! do n't forget your protective gear  now .,bot,boy,,let,'s,go,swimming,in,some,lava,!,do,n't,forget,your,protective,gear,,now,.,,,,,,,,,,
get the hoe out of the shed,get,the,hoe,out,of,the,shed,,,,,,,,,,,,,,,,,,,,,,,
get the mail from the mailbox,get,the,mail,from,the,mailbox,,,,,,,,,,,,,,,,,,,,,,,,
pain the house,pain,the,house,,,,,,,,,,,,,,,,,,,,,,,,,,,
help me camouflage the buildings,help,me,camouflage,the,buildings,,,,,,,,,,,,,,,,,,,,,,,,,
excavate the mine near the huge house,excavate,the,mine,near,the,huge,house,,,,,,,,,,,,,,,,,,,,,,,
help me create a copy of the new structure,help,me,create,a,copy,of,the,new,structure,,,,,,,,,,,,,,,,,,,,,
kill all those men,kill,all,those,men,,,,,,,,,,,,,,,,,,,,,,,,,,
farm some skinny wool,farm,some,skinny,wool,,,,,,,,,,,,,,,,,,,,,,,,,,
farm exp with rayvenia,farm,exp,with,rayvenia,,,,,,,,,,,,,,,,,,,,,,,,,,
collect a bucket of water from the well .,collect,a,bucket,of,water,from,the,well,.,,,,,,,,,,,,,,,,,,,,,
show me how to get to the nearest store .,show,me,how,to,get,to,the,nearest,store,.,,,,,,,,,,,,,,,,,,,,
help me carry these apples to the city square .,help,me,carry,these,apples,to,the,city,square,.,,,,,,,,,,,,,,,,,,,,
grab my car keys and start my car with the heater on full blast .,grab,my,car,keys,and,start,my,car,with,the,heater,on,full,blast,.,,,,,,,,,,,,,,,
change the bed sheets from the blue ones to the red silk sheets .,change,the,bed,sheets,from,the,blue,ones,to,the,red,silk,sheets,.,,,,,,,,,,,,,,,,
use the rake to clear up all the leaves that have fallen in the back yard and put them in the mulch machine .,use,the,rake,to,clear,up,all,the,leaves,that,have,fallen,in,the,back,yard,and,put,them,in,the,mulch,machine,.,,,,,,
can you please move to the top right corner .,can,you,please,move,to,the,top,right,corner,.,,,,,,,,,,,,,,,,,,,,
remove all of the large trees .,remove,all,of,the,large,trees,.,,,,,,,,,,,,,,,,,,,,,,,
change the color all of the red houses to light blue .,change,the,color,all,of,the,red,houses,to,light,blue,.,,,,,,,,,,,,,,,,,,
run the bath water on a medium warm temperature,run,the,bath,water,on,a,medium,warm,temperature,,,,,,,,,,,,,,,,,,,,,
readjust the drapes so the sun does n't reflect off of the television,readjust,the,drapes,so,the,sun,does,n't,reflect,off,of,the,television,,,,,,,,,,,,,,,,,
follow me as soon as i make it off the exit,follow,me,as,soon,as,i,make,it,off,the,exit,,,,,,,,,,,,,,,,,,,
bot can you go pick up my to go order at waffle house ?,bot,can,you,go,pick,up,my,to,go,order,at,waffle,house,?,,,,,,,,,,,,,,,,
come into the bathroom and scrub my back for me please .,come,into,the,bathroom,and,scrub,my,back,for,me,please,.,,,,,,,,,,,,,,,,,,
give me a high five after you get done with the inventory .,give,me,a,high,five,after,you,get,done,with,the,inventory,.,,,,,,,,,,,,,,,,,
build me a shed from sheet metal .,build,me,a,shed,from,sheet,metal,.,,,,,,,,,,,,,,,,,,,,,,
go wash the dishes .,go,wash,the,dishes,.,,,,,,,,,,,,,,,,,,,,,,,,,
change the flat tire on my car .,change,the,flat,tire,on,my,car,.,,,,,,,,,,,,,,,,,,,,,,
can you plant some trees ?,can,you,plant,some,trees,?,,,,,,,,,,,,,,,,,,,,,,,,
what kind of flowers are those ?,what,kind,of,flowers,are,those,?,,,,,,,,,,,,,,,,,,,,,,,
are there any animals in the area ?,are,there,any,animals,in,the,area,?,,,,,,,,,,,,,,,,,,,,,,
set my phone alarm for evey day of the week to 9 a.m.,set,my,phone,alarm,for,evey,day,of,the,week,to,9,a.m.,,,,,,,,,,,,,,,,,
create a to do list for tomorrow in my notebook .   make sure all my return phone calls at the top of the list .,create,a,to,do,list,for,tomorrow,in,my,notebook,.,,,make,sure,all,my,return,phone,calls,at,the,top,of,the,list,.,,,
start a load of darks in the washing machine .,start,a,load,of,darks,in,the,washing,machine,.,,,,,,,,,,,,,,,,,,,,
how much does that sword cost ?,how,much,does,that,sword,cost,?,,,,,,,,,,,,,,,,,,,,,,,
where is the main entrance of the temple ?,where,is,the,main,entrance,of,the,temple,?,,,,,,,,,,,,,,,,,,,,,
what weapon can i use to kill zombies ?,what,weapon,can,i,use,to,kill,zombies,?,,,,,,,,,,,,,,,,,,,,,
find me a sandwich shop that is open .,find,me,a,sandwich,shop,that,is,open,.,,,,,,,,,,,,,,,,,,,,,
who are the ninjas working for ?,who,are,the,ninjas,working,for,?,,,,,,,,,,,,,,,,,,,,,,,
determine if the brown horse or the black horse is faster .,determine,if,the,brown,horse,or,the,black,horse,is,faster,.,,,,,,,,,,,,,,,,,,
please bring me wood and help build a new roof for this house .,please,bring,me,wood,and,help,build,a,new,roof,for,this,house,.,,,,,,,,,,,,,,,,
destroy all the red towers next to the mine .,destroy,all,the,red,towers,next,to,the,mine,.,,,,,,,,,,,,,,,,,,,,
bring a shovel to location 29 16 32 and dig a tunnel .,bring,a,shovel,to,location,29,16,32,and,dig,a,tunnel,.,,,,,,,,,,,,,,,,,
pick up that iron ore and bring it to the furnace .,pick,up,that,iron,ore,and,bring,it,to,the,furnace,.,,,,,,,,,,,,,,,,,,
go climb on top of the roof and wait there .,go,climb,on,top,of,the,roof,and,wait,there,.,,,,,,,,,,,,,,,,,,,
go into that forest  find some wood  and bring it back to me .,go,into,that,forest,,find,some,wood,,and,bring,it,back,to,me,.,,,,,,,,,,,,,,
go to the tree and chop it down .,go,to,the,tree,and,chop,it,down,.,,,,,,,,,,,,,,,,,,,,,
go down to rahool and grab a bright engram .,go,down,to,rahool,and,grab,a,bright,engram,.,,,,,,,,,,,,,,,,,,,,
get the bounties from drifter so we can reach max rank .,get,the,bounties,from,drifter,so,we,can,reach,max,rank,.,,,,,,,,,,,,,,,,,,
fetch some water for me .,fetch,some,water,for,me,.,,,,,,,,,,,,,,,,,,,,,,,,
go get someone from the town to help .,go,get,someone,from,the,town,to,help,.,,,,,,,,,,,,,,,,,,,,,
change fence to an 8 foot fence .,change,fence,to,an,8,foot,fence,.,,,,,,,,,,,,,,,,,,,,,,
turn over the wood pile and take out the stone from under it,turn,over,the,wood,pile,and,take,out,the,stone,from,under,it,,,,,,,,,,,,,,,,,
leave the jar in the box and take the next jar and put next to the first jar,leave,the,jar,in,the,box,and,take,the,next,jar,and,put,next,to,the,first,jar,,,,,,,,,,,,
take the token and place it in position four,take,the,token,and,place,it,in,position,four,,,,,,,,,,,,,,,,,,,,,
help me take out the trash .,help,me,take,out,the,trash,.,,,,,,,,,,,,,,,,,,,,,,,
what color are the drapes in the living room ?,what,color,are,the,drapes,in,the,living,room,?,,,,,,,,,,,,,,,,,,,,
can you help retrieve the groceries from the trunk .,can,you,help,retrieve,the,groceries,from,the,trunk,.,,,,,,,,,,,,,,,,,,,,
please get me a beer out of the refrigerator .,please,get,me,a,beer,out,of,the,refrigerator,.,,,,,,,,,,,,,,,,,,,,
start a fire in the fireplace .,start,a,fire,in,the,fireplace,.,,,,,,,,,,,,,,,,,,,,,,,
go to the grocery store and buy some blue berries .,go,to,the,grocery,store,and,buy,some,blue,berries,.,,,,,,,,,,,,,,,,,,,
can you find the closest water source ?,can,you,find,the,closest,water,source,?,,,,,,,,,,,,,,,,,,,,,,
can you dig a hole in the ground 3 feet deep and 6 feet in diameter ?,can,you,dig,a,hole,in,the,ground,3,feet,deep,and,6,feet,in,diameter,?,,,,,,,,,,,,,
the door to that building is locked  can you break it open ?,the,door,to,that,building,is,locked,,can,you,break,it,open,?,,,,,,,,,,,,,,,,
please get some water from a natural hot spring .,please,get,some,water,from,a,natural,hot,spring,.,,,,,,,,,,,,,,,,,,,,
what is the most common breed of cow around here ?,what,is,the,most,common,breed,of,cow,around,here,?,,,,,,,,,,,,,,,,,,,
please make a note of what i 'm wearing right now .,please,make,a,note,of,what,i,'m,wearing,right,now,.,,,,,,,,,,,,,,,,,,
plant 10 trees .,plant,10,trees,.,,,,,,,,,,,,,,,,,,,,,,,,,,
remember this location .,remember,this,location,.,,,,,,,,,,,,,,,,,,,,,,,,,,
add a second story to the building .,add,a,second,story,to,the,building,.,,,,,,,,,,,,,,,,,,,,,,
drive the car to the grocery store,drive,the,car,to,the,grocery,store,,,,,,,,,,,,,,,,,,,,,,,
